PickupDate,fhvrides,Yellowrides,Greenrides
2016-12-26T00:00:00.0000000,285508,205192,23392
2017-06-30T00:00:00.0000000,524810,302847,35505
2016-10-21T00:00:00.0000000,487689,376369,46276
2015-06-11T00:00:00.0000000,155609,439869,54240
2015-02-10T00:00:00.0000000,97965,424564,45711
2016-01-06T00:00:00.0000000,267690,348516,42025
2018-01-05T00:00:00.0000000,699753,265212,27459
2017-11-06T00:00:00.0000000,528282,298503,26212
2017-05-21T00:00:00.0000000,487727,319407,36892
2016-12-09T00:00:00.0000000,543698,405547,48307
2018-04-18T00:00:00.0000000,670809,320981,26088
2018-01-08T00:00:00.0000000,595390,259792,25476
2015-11-27T00:00:00.0000000,212675,275078,41880
2015-07-27T00:00:00.0000000,132925,348629,39821
2017-04-28T00:00:00.0000000,543456,359350,39685
2016-02-18T00:00:00.0000000,332941,410641,50612
2017-10-11T00:00:00.0000000,531008,322317,28714
2015-01-02T00:00:00.0000000,61832,345296,43410
2015-01-30T00:00:00.0000000,117671,483380,62944
2018-03-06T00:00:00.0000000,655452,315726,27427
2015-03-03T00:00:00.0000000,108518,397691,51223
2017-12-16T00:00:00.0000000,800809,364503,37261
2015-02-28T00:00:00.0000000,118022,499637,75839
2015-01-29T00:00:00.0000000,101071,431985,47965
2015-05-05T00:00:00.0000000,132000,432452,47745
2015-12-20T00:00:00.0000000,292126,385155,58388
2018-05-28T00:00:00.0000000,539207,187561,17606
2015-11-07T00:00:00.0000000,311916,443933,66459
2017-01-15T00:00:00.0000000,453061,307444,36131
2015-04-09T00:00:00.0000000,134453,460476,51804
2017-09-21T00:00:00.0000000,486824,285782,27739
2015-03-19T00:00:00.0000000,111690,451904,52935
2018-11-16T00:00:00.0000000,847376,301043,24333
2015-05-02T00:00:00.0000000,151248,507619,81574
2017-10-14T00:00:00.0000000,679404,336656,36264
2018-10-04T00:00:00.0000000,750763,306203,24299
2016-10-24T00:00:00.0000000,354282,326669,32843
2016-11-16T00:00:00.0000000,388797,348325,35690
2015-01-12T00:00:00.0000000,87703,396367,40867
2015-03-31T00:00:00.0000000,109375,429914,51135
2015-01-21T00:00:00.0000000,88385,431486,43276
2018-09-11T00:00:00.0000000,634342,265881,19331
2016-02-27T00:00:00.0000000,354946,440935,67411
2016-08-05T00:00:00.0000000,387117,343476,46396
2018-11-30T00:00:00.0000000,859356,306751,25611
2015-11-04T00:00:00.0000000,268612,384089,43999
2018-10-01T00:00:00.0000000,623541,256419,20727
2018-08-02T00:00:00.0000000,719644,286189,23700
2018-01-28T00:00:00.0000000,649079,259837,24068
2016-02-15T00:00:00.0000000,286859,350399,44269
2016-04-18T00:00:00.0000000,300259,355564,41263
2015-07-04T00:00:00.0000000,95843,254353,53768
2015-06-17T00:00:00.0000000,146297,425743,49082
2016-09-11T00:00:00.0000000,393872,339972,41266
2015-03-20T00:00:00.0000000,130382,458225,61968
2017-06-13T00:00:00.0000000,498560,333931,29296
2015-06-07T00:00:00.0000000,126055,402188,64186
2015-01-14T00:00:00.0000000,94558,442656,44394
2018-04-01T00:00:00.0000000,626934,244462,25265
2018-10-24T00:00:00.0000000,716141,295118,23194
2018-01-14T00:00:00.0000000,719580,290964,26072
2017-09-01T00:00:00.0000000,549599,260126,26397
2017-03-02T00:00:00.0000000,512146,372857,39193
2017-08-29T00:00:00.0000000,512009,278267,26394
2015-02-27T00:00:00.0000000,125198,487022,68585
2017-03-16T00:00:00.0000000,526580,316923,39648
2017-07-26T00:00:00.0000000,487486,305520,26938
2018-01-22T00:00:00.0000000,552075,261666,23717
2015-09-05T00:00:00.0000000,209028,331641,58829
2015-01-22T00:00:00.0000000,95833,452108,46260
2018-07-10T00:00:00.0000000,648898,276324,21098
2017-02-07T00:00:00.0000000,450524,326200,31812
2018-12-06T00:00:00.0000000,795224,307099,25118
2015-07-07T00:00:00.0000000,127994,367579,41372
2018-06-03T00:00:00.0000000,723542,265244,23603
2015-08-25T00:00:00.0000000,161936,346943,38988
2018-06-23T00:00:00.0000000,783959,273667,25637
2015-02-11T00:00:00.0000000,106943,447258,49009
2015-05-24T00:00:00.0000000,107080,336652,57034
2018-02-14T00:00:00.0000000,691461,321665,29335
2017-05-07T00:00:00.0000000,501028,318027,36136
2017-05-18T00:00:00.0000000,532121,349188,36533
2015-06-10T00:00:00.0000000,139335,424356,48296
2015-09-21T00:00:00.0000000,202022,359066,42266
2015-08-19T00:00:00.0000000,177438,380357,43603
2015-04-15T00:00:00.0000000,125351,427092,48469
2017-04-08T00:00:00.0000000,578146,364475,45529
2015-02-08T00:00:00.0000000,89470,410477,56341
2017-09-24T00:00:00.0000000,571608,281595,29077
2017-05-24T00:00:00.0000000,476407,336578,31654
2018-04-24T00:00:00.0000000,640618,309584,24719
2015-04-04T00:00:00.0000000,115245,440170,68373
2018-05-31T00:00:00.0000000,728512,315771,25948
2018-03-09T00:00:00.0000000,775323,348424,31991
2016-02-01T00:00:00.0000000,268872,341323,42456
2017-02-27T00:00:00.0000000,432890,305715,32696
2015-02-14T00:00:00.0000000,130072,501397,76426
2016-12-03T00:00:00.0000000,534162,400785,50209
2015-03-30T00:00:00.0000000,94876,391004,45070
2015-06-13T00:00:00.0000000,140247,428004,69740
2015-06-15T00:00:00.0000000,137361,374858,46807
2017-08-12T00:00:00.0000000,564630,254633,34086
2017-09-13T00:00:00.0000000,547840,325703,27399
2016-06-23T00:00:00.0000000,380170,390058,45032
2018-07-13T00:00:00.0000000,753204,277145,24518
2015-02-05T00:00:00.0000000,117165,459717,55008
2016-07-10T00:00:00.0000000,327276,302693,44746
2017-08-15T00:00:00.0000000,486221,274507,24579
2018-04-21T00:00:00.0000000,823443,319168,29803
2016-01-12T00:00:00.0000000,274021,367390,41124
2016-12-23T00:00:00.0000000,419658,315757,43206
2018-11-10T00:00:00.0000000,936089,311349,25575
2017-05-01T00:00:00.0000000,428245,303360,29674
2016-12-15T00:00:00.0000000,556242,404341,46087
2018-05-08T00:00:00.0000000,631845,309713,25200
2016-07-16T00:00:00.0000000,398331,350449,56296
2015-07-02T00:00:00.0000000,128796,365953,51527
2015-04-07T00:00:00.0000000,122520,425909,47404
2018-12-03T00:00:00.0000000,678278,267743,21977
2016-04-01T00:00:00.0000000,365034,411731,57024
2018-08-08T00:00:00.0000000,701951,290063,21660
2015-10-18T00:00:00.0000000,276510,400212,58732
2015-12-06T00:00:00.0000000,279285,398882,55330
2015-09-25T00:00:00.0000000,227387,365190,54180
2015-03-13T00:00:00.0000000,115527,476936,64178
2015-09-02T00:00:00.0000000,204324,368359,43424
2015-08-02T00:00:00.0000000,159842,348541,56700
2017-04-11T00:00:00.0000000,423693,312024,30119
2016-05-14T00:00:00.0000000,393706,435309,67398
2015-01-16T00:00:00.0000000,105375,478124,59926
2018-02-17T00:00:00.0000000,805404,305445,30906
2016-03-09T00:00:00.0000000,296904,384571,45284
2018-07-19T00:00:00.0000000,693594,277232,22971
2015-09-08T00:00:00.0000000,215946,374896,42998
2018-06-20T00:00:00.0000000,693247,307880,25155
2016-10-13T00:00:00.0000000,404169,367959,38542
2017-01-01T00:00:00.0000000,455219,281263,40938
2015-03-16T00:00:00.0000000,87680,374820,44450
2015-06-04T00:00:00.0000000,148807,444543,53318
2015-01-05T00:00:00.0000000,71063,363454,41923
2018-04-16T00:00:00.0000000,691121,281191,23201
2018-01-25T00:00:00.0000000,672124,331916,27467
2015-11-20T00:00:00.0000000,325303,422421,59936
2016-04-29T00:00:00.0000000,370835,416560,55564
2017-02-13T00:00:00.0000000,450253,320121,33045
2017-06-10T00:00:00.0000000,594936,337959,41417
2015-05-22T00:00:00.0000000,139276,419629,60792
2015-10-01T00:00:00.0000000,294140,394043,54340
2017-07-03T00:00:00.0000000,405165,193217,25744
2016-08-02T00:00:00.0000000,336761,330690,37003
2018-04-07T00:00:00.0000000,757627,321219,29965
2015-05-09T00:00:00.0000000,144168,469017,73424
2018-12-26T00:00:00.0000000,540976,184319,16929
2016-02-21T00:00:00.0000000,302549,372128,55142
2016-08-22T00:00:00.0000000,318245,283148,32071
2018-08-22T00:00:00.0000000,657196,259746,19138
2016-04-27T00:00:00.0000000,312641,374952,42607
2017-11-03T00:00:00.0000000,654170,347466,34693
2015-05-10T00:00:00.0000000,124611,405427,64676
2016-04-21T00:00:00.0000000,339177,390407,47334
2015-12-09T00:00:00.0000000,295253,391440,46911
2015-12-14T00:00:00.0000000,284541,370299,45771
2017-01-27T00:00:00.0000000,504193,363905,41700
2016-01-09T00:00:00.0000000,291508,405825,56861
2015-05-25T00:00:00.0000000,93976,301706,44000
2015-11-24T00:00:00.0000000,283114,377950,46597
2016-05-17T00:00:00.0000000,342808,397628,43709
2016-12-06T00:00:00.0000000,466585,350832,39221
2016-06-03T00:00:00.0000000,394452,401806,54391
2016-04-04T00:00:00.0000000,344697,374947,46640
2018-03-18T00:00:00.0000000,700826,278789,25602
2018-03-12T00:00:00.0000000,636584,293843,25172
2015-03-23T00:00:00.0000000,93854,390353,46717
2018-09-17T00:00:00.0000000,666133,267579,20915
2017-07-20T00:00:00.0000000,557824,324259,30881
2017-06-19T00:00:00.0000000,503177,306068,29926
2015-10-17T00:00:00.0000000,311542,459236,68948
2016-07-08T00:00:00.0000000,376455,347552,45842
2015-12-26T00:00:00.0000000,193476,238646,39455
2017-09-04T00:00:00.0000000,453338,203364,23108
2015-08-05T00:00:00.0000000,174992,391642,43758
2018-03-26T00:00:00.0000000,620395,280093,24345
2017-08-04T00:00:00.0000000,568021,297206,32222
2015-10-15T00:00:00.0000000,282461,407496,49586
2015-07-24T00:00:00.0000000,158918,403878,55290
2017-05-10T00:00:00.0000000,473591,340369,32093
2018-09-09T00:00:00.0000000,794608,256918,20365
2016-10-01T00:00:00.0000000,437328,368086,50873
2015-12-03T00:00:00.0000000,306438,414005,51587
2015-09-28T00:00:00.0000000,192274,323275,41854
2015-08-16T00:00:00.0000000,160055,335299,55389
2017-12-13T00:00:00.0000000,691640,357298,31162
2016-11-05T00:00:00.0000000,482095,392295,49691
2015-07-21T00:00:00.0000000,147303,375036,42821
2016-12-29T00:00:00.0000000,392398,290514,31432
2018-02-26T00:00:00.0000000,596860,278617,24784
2016-12-12T00:00:00.0000000,420286,330215,33899
2015-06-06T00:00:00.0000000,140768,449804,73271
2015-06-29T00:00:00.0000000,119930,359808,41397
2017-12-25T00:00:00.0000000,449108,149445,16004
2017-02-25T00:00:00.0000000,567666,368391,48587
2016-06-20T00:00:00.0000000,319973,335992,38499
2016-02-19T00:00:00.0000000,358918,420796,57004
2016-05-16T00:00:00.0000000,321581,378829,41273
2016-07-05T00:00:00.0000000,308347,293436,36540
2015-11-10T00:00:00.0000000,302562,378051,47552
2015-11-30T00:00:00.0000000,258742,347002,41823
2018-05-17T00:00:00.0000000,732511,327504,25919
2015-05-28T00:00:00.0000000,151593,432112,52336
2017-05-30T00:00:00.0000000,439511,296638,27878
2015-05-31T00:00:00.0000000,138837,368019,63944
2015-05-30T00:00:00.0000000,148039,451080,73086
2018-10-27T00:00:00.0000000,1039874,302817,23113
2017-11-23T00:00:00.0000000,539711,192449,23530
2017-11-29T00:00:00.0000000,556613,311303,27174
2015-01-19T00:00:00.0000000,67340,342795,35777
2015-03-29T00:00:00.0000000,105458,424267,61984
2016-10-04T00:00:00.0000000,335843,319555,31040
2015-07-23T00:00:00.0000000,160358,404102,47678
2016-07-01T00:00:00.0000000,376207,324990,48322
2015-12-21T00:00:00.0000000,262636,347282,45437
2016-01-26T00:00:00.0000000,294591,327655,44321
2018-07-22T00:00:00.0000000,721674,217396,20088
2018-09-14T00:00:00.0000000,796806,301819,24666
2016-09-23T00:00:00.0000000,426816,359645,44341
2017-02-24T00:00:00.0000000,501682,350666,41093
2018-01-11T00:00:00.0000000,612817,304982,26573
2017-12-02T00:00:00.0000000,738382,349820,36414
2018-03-29T00:00:00.0000000,709599,325600,28055
2018-07-16T00:00:00.0000000,656334,267644,21153
2017-09-19T00:00:00.0000000,506676,279244,27871
2016-05-11T00:00:00.0000000,334096,383504,42589
2017-01-24T00:00:00.0000000,476799,320952,32969
2018-05-14T00:00:00.0000000,620566,294041,23675
2016-10-27T00:00:00.0000000,494932,363272,42928
2015-07-10T00:00:00.0000000,145996,401014,54007
2015-11-09T00:00:00.0000000,251183,352729,41147
2016-08-30T00:00:00.0000000,339327,300429,30338
2018-12-15T00:00:00.0000000,961819,305625,25667
2015-06-23T00:00:00.0000000,146998,406139,47747
2018-06-06T00:00:00.0000000,639174,315354,24437
2018-11-19T00:00:00.0000000,665500,256060,21204
2017-03-14T00:00:00.0000000,222276,100325,7588
2018-05-11T00:00:00.0000000,748143,324657,29137
2015-08-11T00:00:00.0000000,175943,357209,40248
2017-03-28T00:00:00.0000000,491890,333134,34076
2018-06-15T00:00:00.0000000,720144,281883,20679
2015-12-17T00:00:00.0000000,365010,418508,57754
2018-09-26T00:00:00.0000000,678997,264691,22969
2016-05-31T00:00:00.0000000,317188,340824,39387
2016-11-25T00:00:00.0000000,345706,244016,30693
2017-10-31T00:00:00.0000000,535360,294351,28124
2017-10-23T00:00:00.0000000,501399,290762,25816
2018-08-19T00:00:00.0000000,700387,204872,19334
2017-01-12T00:00:00.0000000,424978,326800,33204
2017-09-10T00:00:00.0000000,582207,289574,30393
2016-04-19T00:00:00.0000000,309634,377804,41894
2015-06-16T00:00:00.0000000,141176,400518,45704
2015-08-22T00:00:00.0000000,180732,357435,64497
2015-12-23T00:00:00.0000000,290944,339355,52780
2017-01-07T00:00:00.0000000,461323,305981,32077
2015-04-01T00:00:00.0000000,126925,440246,51943
2016-05-02T00:00:00.0000000,311540,357575,40595
2016-05-28T00:00:00.0000000,353971,329787,57265
2016-03-07T00:00:00.0000000,278546,348700,41294
2016-03-21T00:00:00.0000000,283918,344322,41736
2016-04-24T00:00:00.0000000,305723,357475,52698
2015-04-27T00:00:00.0000000,121231,393526,44694
2016-04-13T00:00:00.0000000,329095,394754,45542
2016-07-19T00:00:00.0000000,340079,344310,35325
2018-10-07T00:00:00.0000000,760031,246571,21020
2015-06-05T00:00:00.0000000,153313,451185,63653
2015-06-03T00:00:00.0000000,140627,425776,50311
2016-03-29T00:00:00.0000000,291040,378360,43788
2017-07-12T00:00:00.0000000,505734,320737,28083
2016-07-13T00:00:00.0000000,363784,370677,38870
2016-05-20T00:00:00.0000000,381751,414711,55470
2017-12-05T00:00:00.0000000,626666,330567,28897
2015-08-28T00:00:00.0000000,183480,367124,51835
2016-07-11T00:00:00.0000000,309193,306637,34316
2016-03-05T00:00:00.0000000,351386,451262,68122
2015-06-14T00:00:00.0000000,127899,382037,63489
2018-10-30T00:00:00.0000000,673774,280856,22140
2015-04-12T00:00:00.0000000,112993,407342,60888
2015-07-30T00:00:00.0000000,179356,390844,49235
2015-02-17T00:00:00.0000000,102953,394363,41800
2016-04-30T00:00:00.0000000,360844,420535,61905
2015-10-21T00:00:00.0000000,262690,389756,44853
2018-12-12T00:00:00.0000000,768395,301871,23544
2015-03-26T00:00:00.0000000,113132,427632,53254
2017-07-18T00:00:00.0000000,490344,307823,26472
2017-11-26T00:00:00.0000000,535806,251377,25767
2017-11-12T00:00:00.0000000,627569,298008,28335
2018-05-26T00:00:00.0000000,728516,236359,26151
2017-09-07T00:00:00.0000000,550008,327987,29375
2017-01-13T00:00:00.0000000,476561,344881,41245
2016-02-12T00:00:00.0000000,391964,434350,61363
2016-09-20T00:00:00.0000000,357448,315049,33684
2015-04-30T00:00:00.0000000,142325,446132,53407
2018-04-27T00:00:00.0000000,788698,332721,29598
2018-07-25T00:00:00.0000000,722577,286517,21606
2018-06-09T00:00:00.0000000,770941,293934,27550
2017-06-02T00:00:00.0000000,515579,347404,37528
2016-01-29T00:00:00.0000000,354874,414039,57370
2015-11-13T00:00:00.0000000,323009,427717,60519
2015-09-14T00:00:00.0000000,191246,345874,39199
2017-11-21T00:00:00.0000000,560416,303274,27291
2018-01-02T00:00:00.0000000,547158,238152,23226
2018-05-03T00:00:00.0000000,738386,334832,28088
2015-07-01T00:00:00.0000000,135175,390084,49634
2017-10-20T00:00:00.0000000,623308,338361,33308
2016-02-04T00:00:00.0000000,312912,394699,48063
2015-09-23T00:00:00.0000000,187929,358590,41171
2016-06-06T00:00:00.0000000,331990,356542,38993
2017-09-27T00:00:00.0000000,537155,329560,27980
2015-11-02T00:00:00.0000000,246175,348560,41085
2017-01-30T00:00:00.0000000,397537,289093,30332
2015-08-06T00:00:00.0000000,181017,391002,46777
2015-12-24T00:00:00.0000000,240893,297167,56420
2016-06-09T00:00:00.0000000,382190,393684,45042
2018-10-02T00:00:00.0000000,652464,281667,21834
2015-01-28T00:00:00.0000000,88699,380192,42508
2016-06-30T00:00:00.0000000,348553,358251,42425
2016-05-30T00:00:00.0000000,274150,261187,37049
2016-05-26T00:00:00.0000000,358272,388607,47878
2017-12-28T00:00:00.0000000,611862,275427,26425
2018-08-28T00:00:00.0000000,679353,260303,20637
2015-12-15T00:00:00.0000000,286903,396958,46266
2016-05-09T00:00:00.0000000,304855,349289,40281
2016-10-10T00:00:00.0000000,325232,291791,28695
2017-01-10T00:00:00.0000000,410052,305921,30820
2015-08-13T00:00:00.0000000,177220,380992,47162
2016-08-11T00:00:00.0000000,393203,364860,42518
2018-12-23T00:00:00.0000000,677351,197219,18789
2015-03-06T00:00:00.0000000,118186,446842,63909
2015-04-29T00:00:00.0000000,134491,427507,49132
2018-06-29T00:00:00.0000000,745184,285427,27148
2016-01-18T00:00:00.0000000,256219,341481,38913
2015-09-20T00:00:00.0000000,225865,393050,57182
2016-08-25T00:00:00.0000000,373210,332810,37930
2016-08-01T00:00:00.0000000,325627,308763,35850
2018-04-15T00:00:00.0000000,766439,300239,26025
2016-03-27T00:00:00.0000000,295796,345577,53237
2015-03-09T00:00:00.0000000,87259,392009,44832
2017-07-09T00:00:00.0000000,487821,243683,29934
2016-06-26T00:00:00.0000000,349019,331802,51363
2018-01-31T00:00:00.0000000,640538,319256,26667
2017-03-25T00:00:00.0000000,565217,346805,44815
2018-02-12T00:00:00.0000000,599939,287935,24871
2015-04-21T00:00:00.0000000,126516,426137,44991
2017-02-02T00:00:00.0000000,455977,353151,36840
2016-03-12T00:00:00.0000000,341409,442084,67200
2018-12-29T00:00:00.0000000,715759,215599,19946
2015-10-30T00:00:00.0000000,326825,428785,63849
2015-01-08T00:00:00.0000000,103978,450920,47791
2018-11-28T00:00:00.0000000,725577,283477,22899
2016-06-27T00:00:00.0000000,343179,358759,39832
2017-02-04T00:00:00.0000000,554757,365995,46876
2017-11-15T00:00:00.0000000,589826,332306,28565
2015-11-19T00:00:00.0000000,352155,394591,56609
2018-01-20T00:00:00.0000000,717557,294538,30281
2015-05-08T00:00:00.0000000,148111,449009,63470
2018-03-07T00:00:00.0000000,631928,233278,18878
2016-10-30T00:00:00.0000000,471743,344633,47707
2015-11-21T00:00:00.0000000,325890,439304,68434
2017-06-16T00:00:00.0000000,553302,341823,35700
2018-11-11T00:00:00.0000000,799635,257698,20630
2017-03-05T00:00:00.0000000,527257,326942,37720
2018-05-29T00:00:00.0000000,613762,275451,23117
2018-08-05T00:00:00.0000000,726316,227439,21079
2017-02-10T00:00:00.0000000,566432,352397,42136
2017-05-27T00:00:00.0000000,485402,267405,36431
2016-11-11T00:00:00.0000000,456164,365267,43210
2015-05-14T00:00:00.0000000,151920,439936,54778
2016-02-07T00:00:00.0000000,304803,373201,56269
2015-11-25T00:00:00.0000000,280873,358723,51013
2015-10-07T00:00:00.0000000,259987,390959,44441
2015-10-04T00:00:00.0000000,245966,365206,51988
2016-01-05T00:00:00.0000000,278457,343251,42342
2015-04-18T00:00:00.0000000,143311,500928,75616
2016-06-21T00:00:00.0000000,343723,364462,39289
2018-02-23T00:00:00.0000000,755917,328791,30896
2016-08-10T00:00:00.0000000,360027,345235,38044
2016-07-22T00:00:00.0000000,414036,375854,48816
2018-04-10T00:00:00.0000000,647496,308094,24875
2016-03-04T00:00:00.0000000,367030,434165,58737
2016-03-15T00:00:00.0000000,295580,383315,42507
2017-07-07T00:00:00.0000000,541295,290404,31805
2018-07-05T00:00:00.0000000,625883,216985,22293
2015-02-20T00:00:00.0000000,138194,498957,64721
2016-06-04T00:00:00.0000000,396390,420585,66186
2015-09-01T00:00:00.0000000,195918,352785,41553
2017-01-21T00:00:00.0000000,471691,329071,40678
2018-10-21T00:00:00.0000000,802543,271727,21506
2017-08-01T00:00:00.0000000,473038,288945,26092
2015-01-25T00:00:00.0000000,80802,407579,52950
2018-02-09T00:00:00.0000000,758104,337384,31355
2015-10-24T00:00:00.0000000,310935,436244,67376
2016-05-27T00:00:00.0000000,366213,364951,52707
2016-10-07T00:00:00.0000000,423088,366376,44613
2016-11-17T00:00:00.0000000,416286,359986,38621
2015-09-22T00:00:00.0000000,197743,367802,40881
2017-02-22T00:00:00.0000000,421290,314883,31636
2016-08-31T00:00:00.0000000,360090,320951,33024
2015-06-09T00:00:00.0000000,134255,409188,45376
2016-06-12T00:00:00.0000000,336850,329144,48480
2017-08-10T00:00:00.0000000,514758,306138,28290
2015-04-24T00:00:00.0000000,162279,474068,65736
2015-09-17T00:00:00.0000000,245776,410912,49964
2015-07-13T00:00:00.0000000,123601,350162,39975
2016-11-08T00:00:00.0000000,365860,318981,30389
2016-09-14T00:00:00.0000000,390128,354721,36819
2017-09-30T00:00:00.0000000,642102,323214,36800
2018-06-01T00:00:00.0000000,777137,320596,28152
2018-08-11T00:00:00.0000000,807873,232110,22474
2015-07-08T00:00:00.0000000,136981,393186,44912
2016-07-30T00:00:00.0000000,425628,343574,56753
2017-02-12T00:00:00.0000000,522867,326156,37471
2018-05-06T00:00:00.0000000,684919,280034,24016
2015-03-15T00:00:00.0000000,93785,418778,60306
2016-03-01T00:00:00.0000000,287685,372868,45349
2018-05-20T00:00:00.0000000,680900,267279,23424
2017-11-27T00:00:00.0000000,524416,277655,24955
2016-06-29T00:00:00.0000000,344952,357125,38168
2016-01-07T00:00:00.0000000,272341,364894,42811
2017-08-18T00:00:00.0000000,585993,287746,30629
2016-12-07T00:00:00.0000000,444520,361705,36563
2016-01-15T00:00:00.0000000,318552,401289,52719
2016-10-28T00:00:00.0000000,494333,387361,46910
2016-08-14T00:00:00.0000000,365238,287668,45042
2018-03-01T00:00:00.0000000,719438,332848,29476
2016-04-07T00:00:00.0000000,358666,409679,48454
2016-04-25T00:00:00.0000000,281621,333122,37857
2015-10-10T00:00:00.0000000,289144,432672,63203
2018-03-24T00:00:00.0000000,788342,310631,31202
2015-05-17T00:00:00.0000000,137515,423198,61746
2017-10-09T00:00:00.0000000,493326,258585,22625
2015-10-16T00:00:00.0000000,308159,430414,58548
2016-01-14T00:00:00.0000000,308592,396473,45846
2017-07-29T00:00:00.0000000,575260,274531,34925
2018-10-22T00:00:00.0000000,676075,268980,21442
2016-08-28T00:00:00.0000000,369582,286052,40702
2016-10-08T00:00:00.0000000,471318,378088,53161
2016-12-20T00:00:00.0000000,432321,356840,37990
2017-12-11T00:00:00.0000000,590611,310541,27151
2018-01-03T00:00:00.0000000,583436,266992,26418
2016-05-29T00:00:00.0000000,315558,298191,50109
2016-07-26T00:00:00.0000000,353534,350450,36576
2015-04-10T00:00:00.0000000,137984,468077,59253
2017-03-08T00:00:00.0000000,465026,342591,34113
2017-10-18T00:00:00.0000000,539305,327175,27943
2015-09-19T00:00:00.0000000,261851,442543,68348
2016-02-24T00:00:00.0000000,358849,400055,49668
2016-05-08T00:00:00.0000000,344622,373217,57984
2018-12-09T00:00:00.0000000,809723,262093,20401
2016-07-28T00:00:00.0000000,384424,369819,42979
2018-06-12T00:00:00.0000000,630654,295378,22671
2017-03-31T00:00:00.0000000,648642,378553,46484
2016-09-03T00:00:00.0000000,380735,270399,41460
2016-11-13T00:00:00.0000000,419595,339631,40236
2016-12-16T00:00:00.0000000,580773,419164,51133
2017-12-22T00:00:00.0000000,649180,312413,32682
2018-03-30T00:00:00.0000000,729691,307559,28493
2015-09-11T00:00:00.0000000,257625,411777,56693
2017-03-17T00:00:00.0000000,537469,319347,43141
2018-02-06T00:00:00.0000000,612571,303040,25715
2015-12-12T00:00:00.0000000,335418,439266,68101
2015-01-11T00:00:00.0000000,80717,419629,50359
2017-04-03T00:00:00.0000000,438019,304070,31204
2016-12-21T00:00:00.0000000,432472,350458,38920
2017-06-08T00:00:00.0000000,531960,353452,31945
2018-08-25T00:00:00.0000000,797754,230036,23291
2017-06-05T00:00:00.0000000,455653,304042,27776
2017-07-04T00:00:00.0000000,399834,184967,23786
2018-10-13T00:00:00.0000000,896063,298024,25684
2015-03-01T00:00:00.0000000,96463,385267,53354
2016-10-05T00:00:00.0000000,376877,358090,35949
2017-07-14T00:00:00.0000000,581140,307834,33335
2018-07-02T00:00:00.0000000,635621,242071,21963
2015-02-23T00:00:00.0000000,106383,431831,53011
2017-12-31T00:00:00.0000000,741534,244781,29990
2015-06-20T00:00:00.0000000,140349,413866,67109
2016-03-13T00:00:00.0000000,286790,366816,51739
2016-11-19T00:00:00.0000000,486588,384371,51113
2016-05-03T00:00:00.0000000,358941,400483,44265
2015-03-12T00:00:00.0000000,110050,461719,54166
2016-05-15T00:00:00.0000000,351886,408281,57551
2016-03-24T00:00:00.0000000,330120,407035,51454
2016-12-10T00:00:00.0000000,572306,412173,52296
2018-08-17T00:00:00.0000000,784678,272983,23902
2018-01-17T00:00:00.0000000,627873,305033,25141
2015-05-11T00:00:00.0000000,126235,395280,46426
2018-01-26T00:00:00.0000000,738489,335386,30819
2016-01-01T00:00:00.0000000,286750,345037,64396
2015-03-18T00:00:00.0000000,105119,452981,51635
2018-12-18T00:00:00.0000000,750866,302769,23823
2018-07-31T00:00:00.0000000,636524,268150,20776
2016-03-06T00:00:00.0000000,300941,385103,53538
2016-05-21T00:00:00.0000000,398643,435894,67758
2016-03-18T00:00:00.0000000,349425,436716,57699
2018-05-09T00:00:00.0000000,661470,316850,26196
2016-04-16T00:00:00.0000000,379054,452929,67849
2017-02-16T00:00:00.0000000,473291,368289,38174
2017-02-15T00:00:00.0000000,476792,347214,35059
2017-09-16T00:00:00.0000000,652242,331845,35528
2015-02-15T00:00:00.0000000,116940,459094,64362
2016-02-13T00:00:00.0000000,417186,448611,70652
2018-01-12T00:00:00.0000000,716956,317639,30463
2016-12-04T00:00:00.0000000,457793,346550,39922
2016-08-08T00:00:00.0000000,313093,291540,33379
2015-06-18T00:00:00.0000000,153221,429386,50191
2016-02-26T00:00:00.0000000,366793,437798,60253
2016-10-22T00:00:00.0000000,511821,401855,52160
2016-09-17T00:00:00.0000000,453741,375619,50595
2017-06-22T00:00:00.0000000,504760,338890,30674
2015-07-16T00:00:00.0000000,155878,400140,46468
2016-02-16T00:00:00.0000000,312839,363836,42679
2016-01-24T00:00:00.0000000,153319,159766,22010
2016-09-24T00:00:00.0000000,463454,378181,50841
2017-01-23T00:00:00.0000000,464632,293800,33958
2017-01-09T00:00:00.0000000,429535,301996,32743
2015-11-16T00:00:00.0000000,249536,347615,41105
2015-12-18T00:00:00.0000000,362323,458701,67735
2017-04-17T00:00:00.0000000,398341,282381,27330
2017-10-06T00:00:00.0000000,608573,331479,32952
2017-04-14T00:00:00.0000000,488822,333186,36012
2018-12-21T00:00:00.0000000,858437,290319,24809
2017-11-18T00:00:00.0000000,759561,345346,35962
2015-09-03T00:00:00.0000000,216933,378290,48372
2015-05-06T00:00:00.0000000,137944,444948,50446
2015-08-31T00:00:00.0000000,160708,322442,40266
2016-01-04T00:00:00.0000000,259891,316171,43740
2018-08-14T00:00:00.0000000,661507,261721,20479
2016-02-05T00:00:00.0000000,350825,409453,55521
2017-05-16T00:00:00.0000000,466177,337218,29922
2017-04-29T00:00:00.0000000,587668,363831,43959
2016-11-22T00:00:00.0000000,431609,345462,37365
2017-08-03T00:00:00.0000000,526650,314611,29123
2018-10-19T00:00:00.0000000,811507,304569,25717
2016-12-30T00:00:00.0000000,426911,303923,39398
2017-11-04T00:00:00.0000000,704019,355150,37232
2018-09-23T00:00:00.0000000,730338,243290,20110
2015-02-09T00:00:00.0000000,92573,381114,43505
2015-10-27T00:00:00.0000000,257450,381755,43212
2016-09-10T00:00:00.0000000,474635,391609,50782
2017-08-30T00:00:00.0000000,477224,267900,25299
2015-10-22T00:00:00.0000000,284296,410692,48603
2015-10-13T00:00:00.0000000,249101,379473,42850
2018-04-19T00:00:00.0000000,750576,348981,28505
2016-07-31T00:00:00.0000000,355318,305523,44732
2018-01-23T00:00:00.0000000,586249,287559,24168
2016-09-29T00:00:00.0000000,411788,367890,38613
2015-01-03T00:00:00.0000000,81955,406769,53866
2017-06-28T00:00:00.0000000,480512,316000,29119
2016-05-06T00:00:00.0000000,444608,437048,60060
2015-01-17T00:00:00.0000000,98951,476827,64628
2017-03-03T00:00:00.0000000,570644,395404,46212
2016-10-02T00:00:00.0000000,382206,324835,41637
2016-06-28T00:00:00.0000000,345267,348740,37497
2017-03-11T00:00:00.0000000,632786,401170,48115
2015-09-15T00:00:00.0000000,206879,377652,41158
2015-08-20T00:00:00.0000000,187111,388317,47738
2017-03-12T00:00:00.0000000,533818,335470,37733
2017-03-19T00:00:00.0000000,482482,300980,36474
2017-10-29T00:00:00.0000000,750732,307496,30465
2018-01-15T00:00:00.0000000,565472,246888,19743
2017-11-01T00:00:00.0000000,561256,330601,29433
2016-11-09T00:00:00.0000000,415854,355018,36401
2015-03-27T00:00:00.0000000,121243,465493,63319
2015-02-26T00:00:00.0000000,119592,471732,56717
2015-10-02T00:00:00.0000000,357535,414289,65765
2016-09-08T00:00:00.0000000,407228,374100,38237
2016-02-10T00:00:00.0000000,315306,393400,47315
2016-04-10T00:00:00.0000000,327340,391677,56024
2017-01-04T00:00:00.0000000,371031,289301,32041
2016-04-05T00:00:00.0000000,339446,399821,47499
2017-07-15T00:00:00.0000000,582210,277479,36480
2016-09-26T00:00:00.0000000,344150,320999,32165
2016-11-10T00:00:00.0000000,418606,359630,38427
2017-02-01T00:00:00.0000000,420401,329696,33864
2017-04-25T00:00:00.0000000,546159,344526,35461
2018-03-15T00:00:00.0000000,737888,348198,29940
2018-02-21T00:00:00.0000000,605486,297525,25651
2018-11-22T00:00:00.0000000,723706,174347,16706
2016-09-06T00:00:00.0000000,355915,320607,32289
2016-10-16T00:00:00.0000000,403485,335589,42091
2015-01-20T00:00:00.0000000,83564,405581,40914
2015-11-05T00:00:00.0000000,295897,402181,49863
2018-08-20T00:00:00.0000000,611010,224236,18676
2015-05-26T00:00:00.0000000,125612,387134,44578
2018-08-26T00:00:00.0000000,714880,211786,20225
2017-12-08T00:00:00.0000000,729587,362237,35194
2017-08-07T00:00:00.0000000,508100,269842,25420
2015-03-10T00:00:00.0000000,106096,413949,51179
2016-09-09T00:00:00.0000000,452249,383524,44445
2018-02-01T00:00:00.0000000,649460,321114,28119
2016-11-28T00:00:00.0000000,372713,298385,30403
2017-08-20T00:00:00.0000000,521196,240126,29269
2017-05-02T00:00:00.0000000,449931,332566,30754
2016-08-03T00:00:00.0000000,347141,339751,38862
2015-08-17T00:00:00.0000000,157832,338247,40875
2016-12-01T00:00:00.0000000,452490,364949,39540
2018-05-12T00:00:00.0000000,836225,321304,29832
2017-04-23T00:00:00.0000000,496437,321217,36211
2017-04-21T00:00:00.0000000,568589,380086,41264
2015-11-28T00:00:00.0000000,246700,344527,49869
2017-01-16T00:00:00.0000000,366413,260194,25029
2016-12-18T00:00:00.0000000,465982,350864,42249
2016-02-22T00:00:00.0000000,281686,346756,41179
2016-06-24T00:00:00.0000000,397252,388394,50677
2016-08-20T00:00:00.0000000,398640,314436,51976
2017-02-19T00:00:00.0000000,464024,299283,37764
2018-02-18T00:00:00.0000000,673353,253415,23654
2015-07-31T00:00:00.0000000,167544,397815,58151
2016-01-10T00:00:00.0000000,277687,351788,49877
2015-01-31T00:00:00.0000000,121113,520067,70797
2015-01-23T00:00:00.0000000,102677,472440,54857
2017-01-18T00:00:00.0000000,421150,324350,31487
2016-07-27T00:00:00.0000000,364033,362177,38636
2017-06-25T00:00:00.0000000,480381,248929,27912
2016-11-03T00:00:00.0000000,434862,373793,39459
2017-02-14T00:00:00.0000000,504382,343943,36798
2017-07-06T00:00:00.0000000,444845,276497,27114
2017-05-23T00:00:00.0000000,458737,323634,29054
2018-12-24T00:00:00.0000000,640740,185895,19314
2016-05-04T00:00:00.0000000,362678,407304,46171
2018-07-08T00:00:00.0000000,645807,199582,20197
2018-07-09T00:00:00.0000000,616272,242768,20421
2015-10-19T00:00:00.0000000,253209,366862,42702
2015-04-19T00:00:00.0000000,123896,445785,64273
2017-05-08T00:00:00.0000000,437884,306979,28918
2017-04-05T00:00:00.0000000,476122,350466,34095
2017-05-19T00:00:00.0000000,556231,364286,40345
2017-04-20T00:00:00.0000000,510979,361327,34722
2015-08-08T00:00:00.0000000,162893,363549,64827
2015-03-21T00:00:00.0000000,113356,468108,69231
2018-03-27T00:00:00.0000000,643542,298685,25156
2018-04-22T00:00:00.0000000,707662,277623,24500
2016-11-14T00:00:00.0000000,356661,319067,32689
2017-04-09T00:00:00.0000000,498406,316944,38209
2017-05-11T00:00:00.0000000,496793,348246,34095
2016-07-02T00:00:00.0000000,326386,266276,46427
2018-10-05T00:00:00.0000000,786528,293705,25207
2018-02-20T00:00:00.0000000,565060,268413,23234
2017-05-13T00:00:00.0000000,681253,371150,45982
2015-06-26T00:00:00.0000000,149333,425774,58371
2015-04-13T00:00:00.0000000,112226,377158,44318
2018-03-10T00:00:00.0000000,823519,342083,32872
2018-11-14T00:00:00.0000000,751742,300249,23991
2015-03-04T00:00:00.0000000,107331,435759,51819
2015-06-12T00:00:00.0000000,153964,443026,62623
2015-11-11T00:00:00.0000000,261488,372002,42148
2016-08-29T00:00:00.0000000,331417,287726,30704
2015-11-14T00:00:00.0000000,333435,446987,70289
2016-06-18T00:00:00.0000000,386379,370619,60909
2018-03-25T00:00:00.0000000,704329,275756,25115
2017-05-31T00:00:00.0000000,458062,327789,29553
2017-09-17T00:00:00.0000000,581299,287996,30228
2018-10-25T00:00:00.0000000,760140,311130,24114
2017-09-08T00:00:00.0000000,611731,336097,32954
2017-04-15T00:00:00.0000000,513061,312812,42172
2016-07-25T00:00:00.0000000,359247,320976,37987
2015-10-08T00:00:00.0000000,280463,407578,49428
2016-10-19T00:00:00.0000000,390362,355020,35911
2017-08-27T00:00:00.0000000,528468,235503,29104
2018-01-09T00:00:00.0000000,583267,284662,26031
2015-06-24T00:00:00.0000000,144552,411370,48234
2015-02-12T00:00:00.0000000,117868,463682,54720
2017-07-21T00:00:00.0000000,579489,311814,34175
2017-10-24T00:00:00.0000000,553396,312496,27082
2018-11-17T00:00:00.0000000,924217,305529,25319
2016-01-21T00:00:00.0000000,319814,399654,48606
2016-10-11T00:00:00.0000000,340464,321694,33229
2016-07-14T00:00:00.0000000,381844,374150,42025
2018-07-14T00:00:00.0000000,813636,259432,24991
2017-03-23T00:00:00.0000000,502387,345901,35699
2016-01-27T00:00:00.0000000,299536,359180,45792
2017-03-22T00:00:00.0000000,497166,347375,36876
2016-09-15T00:00:00.0000000,403497,365148,38601
2016-12-24T00:00:00.0000000,390726,254228,40745
2018-02-07T00:00:00.0000000,717000,315747,26619
2016-11-06T00:00:00.0000000,395450,336730,40691
2017-10-01T00:00:00.0000000,556952,273239,30122
2017-07-01T00:00:00.0000000,519801,245530,34537
2017-02-11T00:00:00.0000000,579782,370870,45966
2016-05-10T00:00:00.0000000,323602,376314,41134
2017-08-24T00:00:00.0000000,507752,282979,26844
2018-05-07T00:00:00.0000000,611360,284376,23893
2015-02-21T00:00:00.0000000,124056,455297,64136
2015-03-22T00:00:00.0000000,99858,429016,62057
2018-09-07T00:00:00.0000000,802020,294065,25071
2017-07-05T00:00:00.0000000,430748,250623,26396
2016-06-15T00:00:00.0000000,358610,383083,42177
2017-10-12T00:00:00.0000000,557980,344450,30432
2018-07-28T00:00:00.0000000,803829,251928,24194
2018-07-11T00:00:00.0000000,671727,287461,21859
2017-05-25T00:00:00.0000000,559362,342445,34061
2018-06-13T00:00:00.0000000,690457,312651,24086
2016-11-29T00:00:00.0000000,463194,323949,34598
2017-04-19T00:00:00.0000000,481392,351792,34400
2017-07-23T00:00:00.0000000,515018,244083,29268
2017-04-26T00:00:00.0000000,488079,344703,31774
2016-07-17T00:00:00.0000000,348867,325670,48064
2015-12-29T00:00:00.0000000,227555,311730,38222
2017-10-15T00:00:00.0000000,585356,293954,29974
2017-09-25T00:00:00.0000000,490651,289124,25458
2015-07-05T00:00:00.0000000,100182,275555,51192
2017-08-25T00:00:00.0000000,541629,271449,29833
2015-04-22T00:00:00.0000000,141548,432491,50457
2016-10-14T00:00:00.0000000,440727,380513,44966
2015-08-14T00:00:00.0000000,181908,377925,54988
2015-05-03T00:00:00.0000000,125989,434789,65671
2018-08-06T00:00:00.0000000,648260,252930,20090
2016-04-28T00:00:00.0000000,336882,401677,45585
2018-12-27T00:00:00.0000000,594303,212529,19410
2018-10-29T00:00:00.0000000,662484,263736,21144
2017-06-17T00:00:00.0000000,590768,318478,39386
2017-11-13T00:00:00.0000000,564908,301614,26048
2015-11-08T00:00:00.0000000,273249,392409,55621
2016-02-08T00:00:00.0000000,286167,343066,41975
2016-01-13T00:00:00.0000000,304574,395090,45839
2016-01-30T00:00:00.0000000,356005,435369,65415
2018-04-28T00:00:00.0000000,829774,324822,30855
2015-03-07T00:00:00.0000000,115237,504246,73297
2018-02-24T00:00:00.0000000,802508,312937,31596
2018-12-30T00:00:00.0000000,683406,194120,17295
2015-02-01T00:00:00.0000000,103439,423113,58157
2016-09-12T00:00:00.0000000,346111,306087,26304
2015-05-15T00:00:00.0000000,156892,457541,63952
2018-12-13T00:00:00.0000000,822745,308411,24585
2015-03-24T00:00:00.0000000,96609,412152,45811
2015-07-28T00:00:00.0000000,151135,384234,42197
2016-10-17T00:00:00.0000000,342410,315861,31799
2017-07-24T00:00:00.0000000,484683,274617,25247
2015-08-26T00:00:00.0000000,167877,356497,40569
2017-09-22T00:00:00.0000000,564867,307683,31851
2016-03-16T00:00:00.0000000,312474,398150,46890
2017-04-06T00:00:00.0000000,557578,363472,38045
2016-11-02T00:00:00.0000000,388804,346670,35388
2018-09-06T00:00:00.0000000,775496,301932,23559
2017-02-17T00:00:00.0000000,519835,355306,40751
2018-03-05T00:00:00.0000000,633218,290631,24031
2017-10-26T00:00:00.0000000,608482,345961,31757
2017-08-17T00:00:00.0000000,512075,291076,27221
2016-07-20T00:00:00.0000000,354964,357482,37829
2018-05-30T00:00:00.0000000,650512,301164,24310
2015-07-19T00:00:00.0000000,145235,395475,60375
2017-03-13T00:00:00.0000000,503940,336424,36943
2018-11-20T00:00:00.0000000,705672,278900,21812
2017-07-22T00:00:00.0000000,601250,291153,36501
2018-05-24T00:00:00.0000000,696677,305096,26135
2017-10-17T00:00:00.0000000,522826,319689,26992
2018-06-18T00:00:00.0000000,656843,281487,23729
2018-09-03T00:00:00.0000000,625851,189402,15988
2017-05-22T00:00:00.0000000,498216,307309,30229
2018-04-02T00:00:00.0000000,567850,258930,20440
2017-02-05T00:00:00.0000000,502199,306839,37895
2018-05-04T00:00:00.0000000,757460,333126,29698
2017-05-04T00:00:00.0000000,498899,355577,35408
2017-06-07T00:00:00.0000000,497648,339808,30147
2017-11-10T00:00:00.0000000,726934,363219,34850
2015-02-03T00:00:00.0000000,105532,421128,48291
2017-08-16T00:00:00.0000000,489149,285120,26230
2015-07-22T00:00:00.0000000,153096,392078,44867
2018-07-17T00:00:00.0000000,719709,278105,22368
2016-12-27T00:00:00.0000000,318378,248803,26384
2018-12-07T00:00:00.0000000,882923,319318,26557
2016-04-17T00:00:00.0000000,326179,394757,56261
2016-09-04T00:00:00.0000000,359063,246690,36926
2017-04-30T00:00:00.0000000,494207,315753,36322
2015-09-06T00:00:00.0000000,195180,300961,53123
2018-06-21T00:00:00.0000000,732297,309069,25620
2015-09-09T00:00:00.0000000,237928,396662,46777
2017-08-08T00:00:00.0000000,462342,279735,24455
2017-06-14T00:00:00.0000000,506337,349305,30955
2015-11-29T00:00:00.0000000,239005,333746,47662
2017-08-09T00:00:00.0000000,487302,293058,26213
2018-03-22T00:00:00.0000000,714725,300702,24991
2016-04-02T00:00:00.0000000,370508,444864,66097
2018-10-14T00:00:00.0000000,764479,255256,20944
2016-06-07T00:00:00.0000000,354809,376429,40615
2017-01-25T00:00:00.0000000,431783,325233,32308
2015-05-12T00:00:00.0000000,134917,424512,47026
2018-12-04T00:00:00.0000000,716727,290846,22992
2018-09-22T00:00:00.0000000,855979,284817,25263
2015-07-25T00:00:00.0000000,151854,387034,66372
2015-07-11T00:00:00.0000000,147156,407202,65403
2017-09-28T00:00:00.0000000,558409,330675,29737
2015-10-31T00:00:00.0000000,336360,441582,72500
2016-08-24T00:00:00.0000000,350549,321490,34444
2018-02-15T00:00:00.0000000,678110,322932,28191
2018-01-06T00:00:00.0000000,793669,281260,27339
2015-12-27T00:00:00.0000000,210632,268841,39514
2016-01-16T00:00:00.0000000,308690,411899,59626
2016-07-23T00:00:00.0000000,412441,355724,54436
2015-12-01T00:00:00.0000000,300491,374390,47290
2017-06-23T00:00:00.0000000,575022,341160,35178
2017-04-24T00:00:00.0000000,444229,310502,29871
2017-05-28T00:00:00.0000000,450482,241410,31649
2018-12-10T00:00:00.0000000,704861,275249,21429
2017-07-13T00:00:00.0000000,544254,322637,30876
2018-04-20T00:00:00.0000000,792125,347009,30726
2017-10-28T00:00:00.0000000,739633,350646,37226
2017-10-27T00:00:00.0000000,662808,349823,34110
2015-08-23T00:00:00.0000000,160462,316240,54477
2018-10-03T00:00:00.0000000,692346,297597,22979
2016-05-12T00:00:00.0000000,360236,400088,48427
2015-02-25T00:00:00.0000000,109749,444233,50958
2016-05-24T00:00:00.0000000,334745,371418,40960
2018-02-13T00:00:00.0000000,639874,317963,25869
2018-11-09T00:00:00.0000000,872041,297629,24851
2017-12-19T00:00:00.0000000,590174,324617,28018
2016-08-17T00:00:00.0000000,363077,335237,36971
2018-11-05T00:00:00.0000000,722253,271159,21779
2016-10-31T00:00:00.0000000,374093,310480,35727
2018-07-23T00:00:00.0000000,647767,252042,19682
2016-08-23T00:00:00.0000000,333869,305068,32399
2017-07-16T00:00:00.0000000,524977,260505,31378
2017-10-03T00:00:00.0000000,490763,302376,26415
2017-08-11T00:00:00.0000000,547445,287102,31270
2017-11-22T00:00:00.0000000,618450,295794,30459
2016-05-23T00:00:00.0000000,309012,346991,39268
2018-02-27T00:00:00.0000000,616018,301654,25348
2015-02-06T00:00:00.0000000,123446,476995,62135
2018-08-23T00:00:00.0000000,680049,262728,20483
2017-01-08T00:00:00.0000000,438251,290932,32989
2015-12-30T00:00:00.0000000,238784,319649,44696
2018-04-14T00:00:00.0000000,853489,347332,32453
2016-06-13T00:00:00.0000000,310265,341089,37941
2017-09-23T00:00:00.0000000,651548,325031,34967
2017-12-26T00:00:00.0000000,471947,220347,20258
2016-02-02T00:00:00.0000000,275915,363162,42445
2017-11-30T00:00:00.0000000,610522,339319,29602
2018-12-25T00:00:00.0000000,534539,125239,11681
2016-03-19T00:00:00.0000000,346651,442185,64359
2015-08-21T00:00:00.0000000,189072,381052,54970
2017-08-21T00:00:00.0000000,454855,249906,22683
2018-06-07T00:00:00.0000000,677944,319316,25159
2017-02-08T00:00:00.0000000,451903,331904,34520
2018-09-24T00:00:00.0000000,604204,235300,20685
2015-04-16T00:00:00.0000000,138661,452157,53163
2016-03-11T00:00:00.0000000,343973,425288,57954
2017-04-18T00:00:00.0000000,428216,326816,30064
2018-06-04T00:00:00.0000000,613582,279353,22870
2018-10-08T00:00:00.0000000,618361,232955,17948
2017-04-12T00:00:00.0000000,441182,325514,30508
2015-04-28T00:00:00.0000000,124350,411771,44227
2018-06-27T00:00:00.0000000,662921,297916,23669
2015-07-20T00:00:00.0000000,142847,374211,43366
2018-06-19T00:00:00.0000000,672359,298528,23965
2018-10-28T00:00:00.0000000,826959,262617,20512
2015-05-23T00:00:00.0000000,119859,383363,64720
2015-06-27T00:00:00.0000000,176872,445861,74883
2015-10-28T00:00:00.0000000,321912,386939,51067
2018-09-21T00:00:00.0000000,795820,297866,25412
2018-01-18T00:00:00.0000000,658000,330731,27482
2015-01-09T00:00:00.0000000,100710,447947,53591
2017-07-10T00:00:00.0000000,446631,270799,25583
2017-07-02T00:00:00.0000000,452071,204086,28040
2018-10-31T00:00:00.0000000,719270,273271,23024
2018-08-29T00:00:00.0000000,710125,269110,21671
2018-07-06T00:00:00.0000000,659104,218523,22649
2017-11-09T00:00:00.0000000,605995,340247,30553
2017-11-08T00:00:00.0000000,572947,329592,28437
2017-04-01T00:00:00.0000000,521968,355815,44042
2015-03-02T00:00:00.0000000,91000,388548,46653
2017-01-22T00:00:00.0000000,432507,292046,33536
2015-01-07T00:00:00.0000000,93090,429653,47802
2017-02-03T00:00:00.0000000,528190,374712,43485
2017-05-06T00:00:00.0000000,593792,370499,43924
2015-07-29T00:00:00.0000000,162120,405923,45820
2018-08-31T00:00:00.0000000,763175,242056,23950
2018-03-04T00:00:00.0000000,716263,286376,25972
2018-12-01T00:00:00.0000000,946924,309346,25406
2018-01-29T00:00:00.0000000,565213,266624,23969
2017-08-05T00:00:00.0000000,565567,263708,33699
2017-11-24T00:00:00.0000000,492652,216356,22045
2016-04-20T00:00:00.0000000,328013,395607,45197
2018-02-04T00:00:00.0000000,751196,265825,25289
2018-05-21T00:00:00.0000000,596366,278706,23198
2017-12-21T00:00:00.0000000,645880,343586,31455
2015-05-20T00:00:00.0000000,148606,441232,51229
2017-05-14T00:00:00.0000000,488685,297073,37312
2017-06-11T00:00:00.0000000,518299,283088,34987
2017-03-09T00:00:00.0000000,499269,362976,38026
2018-10-11T00:00:00.0000000,787433,292112,24136
2018-02-10T00:00:00.0000000,836649,322013,30735
2017-10-13T00:00:00.0000000,614161,336927,32898
2017-12-06T00:00:00.0000000,620642,346348,29353
2017-11-25T00:00:00.0000000,545099,258237,26738
2016-12-13T00:00:00.0000000,426727,352855,34984
2018-12-16T00:00:00.0000000,931260,278317,21316
2017-08-13T00:00:00.0000000,502590,227861,29067
2018-05-10T00:00:00.0000000,726786,328291,27522
2017-08-22T00:00:00.0000000,490280,284356,24508
2016-10-09T00:00:00.0000000,415904,333626,42916
2017-11-16T00:00:00.0000000,642626,345572,31277
2018-07-30T00:00:00.0000000,622969,245308,20287
2016-08-26T00:00:00.0000000,401125,325712,42258
2017-01-05T00:00:00.0000000,410811,324421,34812
2017-08-02T00:00:00.0000000,513464,306301,27887
2018-07-12T00:00:00.0000000,693651,287873,23163
2016-01-08T00:00:00.0000000,298670,392070,50987
2017-05-17T00:00:00.0000000,500825,352076,32537
2018-10-16T00:00:00.0000000,683428,294455,22062
2018-04-05T00:00:00.0000000,660854,332195,27923
2016-07-12T00:00:00.0000000,329957,341393,34946
2015-02-18T00:00:00.0000000,104446,436607,48362
2016-11-15T00:00:00.0000000,418716,349883,35589
2016-12-25T00:00:00.0000000,310035,167893,26502
2017-11-07T00:00:00.0000000,631734,323375,29168
2016-04-11T00:00:00.0000000,308504,355531,42216
2017-03-15T00:00:00.0000000,507221,292140,35289
2017-09-11T00:00:00.0000000,497642,292749,25277
2017-03-06T00:00:00.0000000,447062,309425,32277
2017-01-28T00:00:00.0000000,535826,368391,44121
2016-03-22T00:00:00.0000000,292926,366751,43293
2017-10-10T00:00:00.0000000,511157,312579,26766
2017-12-14T00:00:00.0000000,716538,351742,32410
2017-10-04T00:00:00.0000000,516479,314736,27703
2015-12-07T00:00:00.0000000,271110,371715,42302
2017-05-20T00:00:00.0000000,576601,367665,46060
2018-06-17T00:00:00.0000000,682964,247846,23825
2017-12-15T00:00:00.0000000,784250,362595,34396
2015-06-21T00:00:00.0000000,125314,366158,60339
2017-02-26T00:00:00.0000000,487778,320321,39860
2018-09-15T00:00:00.0000000,849628,287230,24830
2016-07-07T00:00:00.0000000,350879,350404,39134
2016-01-02T00:00:00.0000000,241760,312831,46958
2018-02-19T00:00:00.0000000,569086,241861,22875
2016-06-08T00:00:00.0000000,396776,381578,47278
2018-09-18T00:00:00.0000000,698213,268898,20958
2017-01-19T00:00:00.0000000,435384,332425,34224
2018-06-24T00:00:00.0000000,693716,243786,23134
2018-03-13T00:00:00.0000000,669176,306557,24141
2018-04-08T00:00:00.0000000,708105,279660,25357
2018-04-25T00:00:00.0000000,717274,325631,25604
2016-09-07T00:00:00.0000000,370958,352110,34362
2018-04-30T00:00:00.0000000,658103,296540,24969
2018-05-23T00:00:00.0000000,662660,300095,24985
2018-10-10T00:00:00.0000000,694048,295692,22469
2015-11-22T00:00:00.0000000,277249,376593,56226
2015-09-18T00:00:00.0000000,259636,428139,57537
2017-05-05T00:00:00.0000000,617676,362782,41048
2016-07-03T00:00:00.0000000,303506,232343,41278
2016-03-31T00:00:00.0000000,299829,394055,48152
2017-12-12T00:00:00.0000000,609346,329481,28041
2018-04-17T00:00:00.0000000,662987,321839,26394
2015-04-25T00:00:00.0000000,155929,489474,75469
2016-04-14T00:00:00.0000000,353200,414170,48868
2018-05-18T00:00:00.0000000,755594,331926,28458
2016-08-15T00:00:00.0000000,337098,306100,35342
2016-03-10T00:00:00.0000000,316274,406611,48983
2018-10-17T00:00:00.0000000,709446,300792,23548
2018-07-20T00:00:00.0000000,758376,271207,25043
2018-04-23T00:00:00.0000000,615955,285483,23698
2018-01-16T00:00:00.0000000,592789,295735,24686
2016-08-06T00:00:00.0000000,390158,324402,52693
2018-01-24T00:00:00.0000000,614084,315590,26685
2018-11-06T00:00:00.0000000,738926,277384,20565
2017-09-29T00:00:00.0000000,599449,329122,33279
2016-01-22T00:00:00.0000000,353525,420162,57552
2017-10-07T00:00:00.0000000,669096,324112,36436
2018-10-20T00:00:00.0000000,885815,292874,25390
2016-10-23T00:00:00.0000000,415773,343516,41260
2018-08-01T00:00:00.0000000,695121,286989,22362
2017-01-11T00:00:00.0000000,417312,318251,32029
2016-03-28T00:00:00.0000000,292280,344634,41635
2018-08-30T00:00:00.0000000,715825,261239,22221
2017-03-20T00:00:00.0000000,426770,284983,30318
2016-11-26T00:00:00.0000000,389512,297411,36675
2018-03-08T00:00:00.0000000,720608,326640,27098
2016-02-11T00:00:00.0000000,369519,431206,56100
2016-02-17T00:00:00.0000000,305529,386982,45466
2016-05-01T00:00:00.0000000,332890,382101,51976
2015-11-23T00:00:00.0000000,273564,366012,45431
2018-08-24T00:00:00.0000000,743078,251413,22574
2018-04-13T00:00:00.0000000,760910,333093,29537
2015-06-01T00:00:00.0000000,147408,400833,51549
2016-01-25T00:00:00.0000000,272528,282087,42944
2015-09-04T00:00:00.0000000,223478,362215,54097
2018-08-03T00:00:00.0000000,769732,268395,24678
2018-03-21T00:00:00.0000000,508268,183629,11981
2017-10-21T00:00:00.0000000,667167,334895,35759
2016-12-11T00:00:00.0000000,479093,341580,40533
2016-04-22T00:00:00.0000000,352083,388318,53773
2018-08-16T00:00:00.0000000,717045,277677,22113
2016-07-09T00:00:00.0000000,374675,333013,52710
2017-11-11T00:00:00.0000000,734450,329258,34722
2017-05-26T00:00:00.0000000,493555,306057,35726
2018-09-20T00:00:00.0000000,723583,298630,23378
2015-09-29T00:00:00.0000000,210835,360478,43666
2015-09-26T00:00:00.0000000,257527,427332,65594
2015-05-29T00:00:00.0000000,153571,441299,61282
2017-09-14T00:00:00.0000000,579095,339032,30201
2016-06-01T00:00:00.0000000,336213,368774,42869
2017-01-31T00:00:00.0000000,423126,313377,31586
2018-08-15T00:00:00.0000000,685233,276440,21254
2018-06-14T00:00:00.0000000,722195,316168,24704
2018-11-08T00:00:00.0000000,743535,300462,23655
2018-09-29T00:00:00.0000000,861873,289922,25629
2018-11-23T00:00:00.0000000,668683,195851,16277
2015-11-17T00:00:00.0000000,270888,384488,44727
2015-04-02T00:00:00.0000000,131778,444300,55928
2017-10-30T00:00:00.0000000,537021,297796,26654
2015-02-24T00:00:00.0000000,114772,448513,50161
2018-08-04T00:00:00.0000000,813615,244322,23788
2015-10-25T00:00:00.0000000,268018,390337,55317
2015-12-22T00:00:00.0000000,274540,355205,47148
2018-06-30T00:00:00.0000000,817369,272721,27747
2016-02-28T00:00:00.0000000,299653,366255,53739
2017-07-27T00:00:00.0000000,523352,315836,29367
2015-08-18T00:00:00.0000000,169931,370681,40956
2016-12-05T00:00:00.0000000,409738,333589,33427
2017-11-28T00:00:00.0000000,537462,302342,25551
2018-02-03T00:00:00.0000000,810071,316598,31272
2015-04-05T00:00:00.0000000,103802,377462,58745
2017-09-20T00:00:00.0000000,491291,287126,27477
2017-08-19T00:00:00.0000000,581673,263458,34678
2018-10-26T00:00:00.0000000,846297,311209,25849
2016-09-30T00:00:00.0000000,476802,371954,48980
2017-01-03T00:00:00.0000000,384925,278100,30933
2017-01-14T00:00:00.0000000,522585,342169,42773
2017-06-26T00:00:00.0000000,432678,290740,25492
2018-02-16T00:00:00.0000000,732810,322053,31028
2015-02-04T00:00:00.0000000,102648,415624,47368
2018-06-22T00:00:00.0000000,766875,311362,27441
2017-02-28T00:00:00.0000000,428643,324364,31954
2015-05-21T00:00:00.0000000,153246,446819,54937
2017-06-29T00:00:00.0000000,489890,313277,31081
2015-08-12T00:00:00.0000000,169574,370323,42982
2018-01-01T00:00:00.0000000,701932,237145,23361
2016-05-18T00:00:00.0000000,349789,381384,46099
2018-01-10T00:00:00.0000000,591052,290362,26021
2018-11-13T00:00:00.0000000,730533,287021,21850
2018-06-26T00:00:00.0000000,636799,287195,22804
2016-08-09T00:00:00.0000000,338092,327187,34940
2018-01-04T00:00:00.0000000,354451,122222,6523
2016-11-12T00:00:00.0000000,491405,382598,48187
2018-08-09T00:00:00.0000000,718301,286988,22167
2018-07-15T00:00:00.0000000,719236,227939,20487
2015-12-13T00:00:00.0000000,280377,377073,58207
2018-12-11T00:00:00.0000000,735890,286673,22469
2016-09-18T00:00:00.0000000,397760,332291,41573
2018-02-05T00:00:00.0000000,614590,286197,25682
2018-12-02T00:00:00.0000000,830484,262424,19231
2018-01-27T00:00:00.0000000,749022,310000,30599
2015-09-10T00:00:00.0000000,283250,401271,53057
2018-10-12T00:00:00.0000000,811486,303930,25807
2018-09-12T00:00:00.0000000,739611,291502,22630
2016-10-25T00:00:00.0000000,393213,359918,35734
2017-02-20T00:00:00.0000000,385479,262088,30157
2018-12-08T00:00:00.0000000,970125,307740,25835
2017-09-02T00:00:00.0000000,593372,243715,30465
2017-06-06T00:00:00.0000000,495927,341499,29619
2018-09-08T00:00:00.0000000,861540,280182,24709
2018-12-20T00:00:00.0000000,818491,305993,25471
2017-09-05T00:00:00.0000000,486636,276679,25541
2015-09-24T00:00:00.0000000,204134,324746,40162
2018-08-12T00:00:00.0000000,697313,211361,20074
2017-12-23T00:00:00.0000000,616914,259490,29082
2018-07-26T00:00:00.0000000,715725,290123,23046
2018-11-21T00:00:00.0000000,750724,260399,22711
2016-01-11T00:00:00.0000000,269529,342651,41603
2017-04-07T00:00:00.0000000,563706,383145,43135
2016-05-19T00:00:00.0000000,362722,406035,48593
2017-06-20T00:00:00.0000000,477020,318727,28842
2018-06-10T00:00:00.0000000,678901,249740,22737
2017-12-17T00:00:00.0000000,678159,313238,29974
2016-04-26T00:00:00.0000000,310235,371411,42528
2017-11-19T00:00:00.0000000,646464,297908,28851
2017-05-03T00:00:00.0000000,468410,346022,32698
2018-04-04T00:00:00.0000000,616003,310941,25738
2018-11-03T00:00:00.0000000,902019,298022,25250
2015-08-01T00:00:00.0000000,180821,389728,67702
2015-10-05T00:00:00.0000000,225829,344810,40960
2016-10-29T00:00:00.0000000,529010,390484,52386
2018-06-05T00:00:00.0000000,591456,298141,23567
2018-11-18T00:00:00.0000000,794840,256548,20374
2017-02-06T00:00:00.0000000,417318,290225,30308
2016-06-16T00:00:00.0000000,384562,398725,45686
2016-09-19T00:00:00.0000000,346398,293917,34034
2017-06-15T00:00:00.0000000,520927,347838,31962
2018-11-01T00:00:00.0000000,772646,313032,24861
2016-11-20T00:00:00.0000000,452911,337966,42889
2018-12-22T00:00:00.0000000,793267,250725,22775
2016-08-27T00:00:00.0000000,411492,309307,47699
2017-03-18T00:00:00.0000000,605158,365664,48075
2015-12-16T00:00:00.0000000,311749,417643,51111
2018-07-29T00:00:00.0000000,714929,230349,21155
2017-03-07T00:00:00.0000000,463508,332336,33152
2018-11-25T00:00:00.0000000,677297,206431,16598
2018-03-19T00:00:00.0000000,618220,271632,24180
2015-08-29T00:00:00.0000000,180359,359028,61137
2018-04-26T00:00:00.0000000,704598,331170,26853
2017-03-21T00:00:00.0000000,428142,305200,31090
2016-09-22T00:00:00.0000000,387441,349716,38391
2017-12-03T00:00:00.0000000,635684,300504,28579
2018-05-05T00:00:00.0000000,830934,333748,31491
2016-05-07T00:00:00.0000000,386698,433299,67447
2016-02-29T00:00:00.0000000,280132,347834,43326
2017-06-12T00:00:00.0000000,470752,311495,28340
2016-03-30T00:00:00.0000000,301361,385469,46051
2018-03-16T00:00:00.0000000,783607,349840,31799
2016-02-25T00:00:00.0000000,336480,413644,51493
2015-04-14T00:00:00.0000000,120204,411892,44103
2016-09-27T00:00:00.0000000,369338,342012,32410
2018-11-29T00:00:00.0000000,761961,298792,23467
2017-12-20T00:00:00.0000000,628797,344511,30822
2017-12-09T00:00:00.0000000,826768,359572,32410
2015-08-03T00:00:00.0000000,155957,348819,41759
2016-10-03T00:00:00.0000000,314134,288557,30983
2017-10-16T00:00:00.0000000,518889,307797,26909
2015-10-20T00:00:00.0000000,251600,377804,43180
2016-12-08T00:00:00.0000000,484789,377374,39861
2015-07-06T00:00:00.0000000,108162,315526,39607
2018-05-16T00:00:00.0000000,742678,320013,26624
2016-06-10T00:00:00.0000000,395615,401458,50795
2016-06-19T00:00:00.0000000,337114,330195,52528
2018-11-26T00:00:00.0000000,730094,255570,20988
2018-02-25T00:00:00.0000000,707915,269589,25426
2015-11-26T00:00:00.0000000,236551,242393,49041
2015-12-25T00:00:00.0000000,200428,188254,39236
2018-05-15T00:00:00.0000000,691139,309023,25458
2017-03-29T00:00:00.0000000,457108,331662,32903
2015-10-03T00:00:00.0000000,293877,412691,61386
2015-11-03T00:00:00.0000000,248887,364999,40379
2018-07-18T00:00:00.0000000,679444,290528,22165
2015-05-04T00:00:00.0000000,119309,390266,45273
2016-12-14T00:00:00.0000000,461293,375027,38574
2016-02-23T00:00:00.0000000,338565,395790,49523
2016-03-08T00:00:00.0000000,287535,372923,43023
2018-10-06T00:00:00.0000000,869777,285343,24695
2015-09-27T00:00:00.0000000,221422,378594,54856
2018-03-03T00:00:00.0000000,792836,316825,31365
2015-01-26T00:00:00.0000000,64800,230255,29869
2017-01-17T00:00:00.0000000,455963,324211,33099
2017-04-13T00:00:00.0000000,471541,341270,33561
2016-08-18T00:00:00.0000000,376700,343959,39257
2018-01-21T00:00:00.0000000,617388,252234,23782
2018-06-16T00:00:00.0000000,772541,275862,25756
2015-12-19T00:00:00.0000000,354108,460986,73435
2016-08-21T00:00:00.0000000,366757,290441,44883
2015-04-08T00:00:00.0000000,127735,443492,50396
2018-06-28T00:00:00.0000000,738050,302796,24517
2016-06-25T00:00:00.0000000,402625,388863,58952
2018-02-08T00:00:00.0000000,692751,338939,28548
2016-03-02T00:00:00.0000000,318476,407187,49331
2016-11-30T00:00:00.0000000,453745,337332,37321
2017-02-23T00:00:00.0000000,456412,335057,35537
2015-08-10T00:00:00.0000000,146879,321006,38228
2017-04-16T00:00:00.0000000,468052,281829,37245
2016-09-21T00:00:00.0000000,359311,325578,35084
2015-12-10T00:00:00.0000000,312810,406176,50709
2018-04-11T00:00:00.0000000,668086,320829,25950
2017-03-30T00:00:00.0000000,496322,352132,36410
2015-07-14T00:00:00.0000000,142513,385566,41019
2017-12-01T00:00:00.0000000,682646,353837,33947
2015-12-04T00:00:00.0000000,329186,431007,59348
2017-04-10T00:00:00.0000000,414072,286680,28600
2018-07-03T00:00:00.0000000,671102,246399,23201
2016-08-07T00:00:00.0000000,341906,291897,44964
2016-03-17T00:00:00.0000000,326747,399704,50797
2016-01-20T00:00:00.0000000,300062,382105,43734
2018-03-31T00:00:00.0000000,748177,285560,29968
2016-02-06T00:00:00.0000000,340393,428485,64640
2015-04-26T00:00:00.0000000,134903,424608,62190
2015-01-18T00:00:00.0000000,96891,427042,55068
2018-05-27T00:00:00.0000000,653140,203506,20678
2016-01-19T00:00:00.0000000,317835,385187,43963
2017-05-12T00:00:00.0000000,531477,354092,39165
2017-09-09T00:00:00.0000000,656493,320676,36525
2015-12-05T00:00:00.0000000,323020,451092,68091
2018-11-02T00:00:00.0000000,829881,306468,26165
2015-01-06T00:00:00.0000000,81722,384324,40646
2018-07-21T00:00:00.0000000,861641,259466,25350
2016-07-18T00:00:00.0000000,342680,329661,37181
2015-08-30T00:00:00.0000000,168956,332559,53489
2015-12-02T00:00:00.0000000,295322,379756,47061
2018-12-28T00:00:00.0000000,721069,217166,20047
2018-12-05T00:00:00.0000000,753324,298976,23460
2016-10-06T00:00:00.0000000,408641,370539,38825
2018-08-27T00:00:00.0000000,639185,226870,19579
2015-11-15T00:00:00.0000000,280148,381213,56058
2017-12-07T00:00:00.0000000,659297,354196,30912
2017-03-26T00:00:00.0000000,495810,303832,37304
2018-12-31T00:00:00.0000000,854219,209811,22051
2015-01-27T00:00:00.0000000,33171,135500,15406
2017-06-18T00:00:00.0000000,498825,277743,32932
2015-11-12T00:00:00.0000000,298435,406649,49557
2015-06-19T00:00:00.0000000,153364,436303,59705
2016-01-31T00:00:00.0000000,293122,361505,52288
2017-07-19T00:00:00.0000000,523856,324255,29096
2015-03-11T00:00:00.0000000,99628,428366,50252
2016-12-31T00:00:00.0000000,477702,284166,46645
2015-04-20T00:00:00.0000000,139164,397259,46724
2015-10-06T00:00:00.0000000,238086,374278,42044
2016-04-08T00:00:00.0000000,387714,440403,58818
2016-11-24T00:00:00.0000000,369520,219830,34367
2018-08-18T00:00:00.0000000,823978,233153,23518
2017-12-10T00:00:00.0000000,653734,302889,27153
2017-10-08T00:00:00.0000000,596056,281176,30473
2017-12-29T00:00:00.0000000,665525,275157,28923
2016-08-12T00:00:00.0000000,423132,359868,48939
2018-09-01T00:00:00.0000000,765028,208214,21956
2017-06-01T00:00:00.0000000,465374,344507,32191
2017-06-03T00:00:00.0000000,555784,341807,41219
2018-09-13T00:00:00.0000000,739641,300999,23090
2018-03-28T00:00:00.0000000,668015,314051,25891
2015-09-30T00:00:00.0000000,223298,381354,46608
2015-08-15T00:00:00.0000000,176754,370379,65254
2015-01-01T00:00:00.0000000,77789,382014,62943
2018-01-13T00:00:00.0000000,761410,321879,31205
2017-01-29T00:00:00.0000000,448610,305725,35378
2016-02-20T00:00:00.0000000,345382,424783,66513
2015-03-05T00:00:00.0000000,103708,366435,42207
2017-12-30T00:00:00.0000000,641709,244403,26378
2015-02-07T00:00:00.0000000,110556,485504,67182
2016-02-14T00:00:00.0000000,388224,402448,57902
2015-07-26T00:00:00.0000000,135990,349537,55769
2017-09-15T00:00:00.0000000,611870,334136,33365
2015-06-22T00:00:00.0000000,125045,374849,44124
2017-07-25T00:00:00.0000000,461122,291904,24887
2016-01-28T00:00:00.0000000,314311,383326,47519
2017-08-23T00:00:00.0000000,499077,285496,25957
2016-12-28T00:00:00.0000000,351170,276253,30525
2015-05-16T00:00:00.0000000,168910,479580,76005
2015-10-12T00:00:00.0000000,213584,328405,36379
2017-10-19T00:00:00.0000000,566685,330806,29491
2015-01-04T00:00:00.0000000,62691,328848,41602
2015-06-28T00:00:00.0000000,127443,348433,54632
2018-09-28T00:00:00.0000000,808315,294592,25049
2017-07-30T00:00:00.0000000,517870,254956,29789
2016-08-19T00:00:00.0000000,401725,338709,46438
2017-06-27T00:00:00.0000000,479526,321083,30041
2017-11-05T00:00:00.0000000,585826,295337,28313
2017-08-14T00:00:00.0000000,446064,241900,23124
2018-01-30T00:00:00.0000000,608464,302841,25941
2018-05-13T00:00:00.0000000,734883,281192,25704
2017-03-01T00:00:00.0000000,464864,342078,34970
2018-08-07T00:00:00.0000000,687182,282378,21777
2015-05-19T00:00:00.0000000,141911,432943,48032
2016-11-27T00:00:00.0000000,374021,282571,33876
2016-12-19T00:00:00.0000000,430351,347163,37711
2015-10-11T00:00:00.0000000,256951,378262,54782
2015-08-24T00:00:00.0000000,153490,317591,38720
2018-10-15T00:00:00.0000000,667119,263138,21396
2018-09-04T00:00:00.0000000,679351,266749,21381
2016-06-02T00:00:00.0000000,365528,392922,46339
2016-11-23T00:00:00.0000000,431748,325062,39361
2017-11-20T00:00:00.0000000,556187,295538,26949
2018-05-01T00:00:00.0000000,630607,305434,25151
2015-03-28T00:00:00.0000000,125388,510351,76226
2018-12-19T00:00:00.0000000,759039,304917,24001
2015-04-17T00:00:00.0000000,142870,469283,60053
2016-10-20T00:00:00.0000000,416613,366184,39205
2018-03-23T00:00:00.0000000,752966,325852,30512
2018-09-05T00:00:00.0000000,708196,292214,22640
2015-03-14T00:00:00.0000000,125986,496525,71314
2017-05-09T00:00:00.0000000,457790,330479,31092
2015-07-12T00:00:00.0000000,132941,364211,55678
2015-09-16T00:00:00.0000000,235052,400429,46824
2017-09-03T00:00:00.0000000,512867,204537,24992
2015-09-13T00:00:00.0000000,226351,382996,55514
2017-04-27T00:00:00.0000000,506545,350200,34276
2017-03-24T00:00:00.0000000,528855,341125,40122
2015-07-18T00:00:00.0000000,158876,403824,63367
2016-09-13T00:00:00.0000000,366344,342943,31938
2018-06-08T00:00:00.0000000,717348,315660,27075
2018-11-07T00:00:00.0000000,697571,290457,22071
2015-02-19T00:00:00.0000000,123717,477678,59130
2016-03-14T00:00:00.0000000,324452,383944,46516
2016-03-23T00:00:00.0000000,305999,381739,44630
2016-03-26T00:00:00.0000000,328008,403899,62613
2017-01-02T00:00:00.0000000,324948,224894,24526
2015-08-07T00:00:00.0000000,183548,386930,53776
2016-01-17T00:00:00.0000000,296477,379156,52803
2016-05-13T00:00:00.0000000,398217,397062,55685
2016-08-04T00:00:00.0000000,364408,353411,41787
2016-04-23T00:00:00.0000000,354857,391827,62011
2016-04-15T00:00:00.0000000,380037,433306,57218
2016-06-05T00:00:00.0000000,341566,353145,51552
2016-11-18T00:00:00.0000000,443891,372328,45088
2017-09-18T00:00:00.0000000,474558,263990,26232
2018-05-02T00:00:00.0000000,670601,321940,25460
2016-03-25T00:00:00.0000000,326047,399751,51883
2015-05-01T00:00:00.0000000,149994,461547,66187
2017-08-31T00:00:00.0000000,508625,273284,27203
2018-10-23T00:00:00.0000000,677231,283178,22413
2016-09-01T00:00:00.0000000,382092,328731,37645
2015-06-30T00:00:00.0000000,124907,374240,42981
2016-11-21T00:00:00.0000000,412670,328811,35840
2018-07-04T00:00:00.0000000,598238,176656,16975
2015-11-18T00:00:00.0000000,280993,391321,45494
2018-11-12T00:00:00.0000000,652640,260713,18514
2015-10-29T00:00:00.0000000,293479,403670,49701
2017-11-17T00:00:00.0000000,694175,353557,34821
2018-09-25T00:00:00.0000000,701934,251618,21278
2015-03-25T00:00:00.0000000,107442,427026,50370
2018-06-25T00:00:00.0000000,632496,267868,22238
2017-06-24T00:00:00.0000000,592721,317617,37497
2015-04-11T00:00:00.0000000,130291,473730,72944
2017-07-31T00:00:00.0000000,455883,265183,24402
2015-01-15T00:00:00.0000000,100055,451186,47962
2016-10-12T00:00:00.0000000,324452,320177,31784
2016-09-25T00:00:00.0000000,391841,337791,40956
2016-06-22T00:00:00.0000000,360642,373447,41869
2016-07-15T00:00:00.0000000,400760,373908,48453
2018-08-13T00:00:00.0000000,668963,240526,19248
2017-04-22T00:00:00.0000000,578359,352930,43694
2017-11-14T00:00:00.0000000,564320,320738,26793
2015-12-28T00:00:00.0000000,220676,301398,38612
2017-10-25T00:00:00.0000000,547845,330122,28130
2015-09-12T00:00:00.0000000,268095,433864,66962
2018-05-19T00:00:00.0000000,860686,317784,28370
2017-02-18T00:00:00.0000000,514009,326370,43422
2017-12-24T00:00:00.0000000,545603,208971,25854
2018-06-02T00:00:00.0000000,831143,308393,27783
2016-07-24T00:00:00.0000000,354567,322468,46205
2018-10-18T00:00:00.0000000,762184,313770,24517
2018-04-09T00:00:00.0000000,634597,285030,24469
2017-12-04T00:00:00.0000000,554670,300092,26368
2016-06-14T00:00:00.0000000,337005,363431,37737
2015-11-06T00:00:00.0000000,307953,419288,56664
2018-04-06T00:00:00.0000000,707066,326443,29060
2016-12-22T00:00:00.0000000,432676,340109,40663
2015-07-03T00:00:00.0000000,101997,304176,51202
2016-07-06T00:00:00.0000000,320082,311148,30339
2017-06-09T00:00:00.0000000,552532,342240,36005
2018-04-03T00:00:00.0000000,619745,305554,25196
2017-08-26T00:00:00.0000000,583843,249491,34528
2016-08-16T00:00:00.0000000,360143,333615,35548
2018-09-30T00:00:00.0000000,748335,254849,20508
2017-09-12T00:00:00.0000000,517807,320614,26293
2017-03-10T00:00:00.0000000,585629,380845,43537
2017-01-26T00:00:00.0000000,457961,342795,35264
2015-01-13T00:00:00.0000000,94221,448517,45229
2015-06-02T00:00:00.0000000,152452,419994,49962
2015-02-13T00:00:00.0000000,136152,486241,70191
2016-10-26T00:00:00.0000000,414788,366660,37347
2018-03-02T00:00:00.0000000,875723,326944,30449
2016-10-18T00:00:00.0000000,359739,339332,33411
2018-11-24T00:00:00.0000000,766356,227341,18825
2018-09-19T00:00:00.0000000,627881,268655,20441
2015-05-07T00:00:00.0000000,145599,442222,54721
2017-01-06T00:00:00.0000000,463107,340685,38314
2015-02-22T00:00:00.0000000,92012,399059,53861
2018-08-10T00:00:00.0000000,764123,273203,24316
2016-02-09T00:00:00.0000000,291792,367992,41629
2018-04-29T00:00:00.0000000,727668,281427,25406
2015-07-17T00:00:00.0000000,152500,365045,47302
2016-03-20T00:00:00.0000000,308147,389644,55616
2018-01-19T00:00:00.0000000,708046,325630,30265
2015-08-04T00:00:00.0000000,170748,376465,42253
2017-05-29T00:00:00.0000000,388471,213354,23729
2016-08-13T00:00:00.0000000,426756,338325,55274
2017-12-27T00:00:00.0000000,537025,253278,23536
2018-07-24T00:00:00.0000000,658096,279679,20783
2016-07-04T00:00:00.0000000,265133,226837,37722
2018-08-21T00:00:00.0000000,613538,239779,15866
2018-09-10T00:00:00.0000000,694524,252581,19384
2018-09-27T00:00:00.0000000,703746,281070,23762
2015-05-18T00:00:00.0000000,131021,403641,46820
2017-09-26T00:00:00.0000000,498341,299942,27049
2017-10-22T00:00:00.0000000,580435,287883,28989
2017-04-02T00:00:00.0000000,364712,312901,37667
2016-09-28T00:00:00.0000000,391905,360689,36812
2016-11-01T00:00:00.0000000,387986,355424,36155
2018-02-11T00:00:00.0000000,709140,261627,23235
2015-12-31T00:00:00.0000000,255762,339939,66960
2018-06-11T00:00:00.0000000,617379,278488,21893
2016-09-02T00:00:00.0000000,382826,302022,40663
2015-08-09T00:00:00.0000000,148847,317615,54309
2015-11-01T00:00:00.0000000,300325,390105,62797
2017-07-11T00:00:00.0000000,470792,302257,26656
2018-03-20T00:00:00.0000000,677685,313025,26981
2016-09-16T00:00:00.0000000,439465,371738,43180
2017-02-21T00:00:00.0000000,403200,295482,29603
2018-07-01T00:00:00.0000000,717979,235655,21794
2015-10-14T00:00:00.0000000,259475,392801,44886
2016-09-05T00:00:00.0000000,306116,234286,28977
2016-06-17T00:00:00.0000000,391588,388360,52327
2016-05-22T00:00:00.0000000,325321,369331,52573
2017-12-18T00:00:00.0000000,577159,302388,27142
2017-11-02T00:00:00.0000000,576138,333336,29891
2017-01-20T00:00:00.0000000,489938,341519,39017
2016-07-29T00:00:00.0000000,418171,360758,47642
2018-02-22T00:00:00.0000000,704800,328890,28697
2016-07-21T00:00:00.0000000,377089,363728,41383
2015-07-15T00:00:00.0000000,156273,404755,44259
2017-02-09T00:00:00.0000000,346974,203187,15954
2016-03-03T00:00:00.0000000,336838,428124,52983
2018-05-25T00:00:00.0000000,719961,279799,26813
2016-06-11T00:00:00.0000000,396999,388008,59278
2016-12-02T00:00:00.0000000,500696,390235,45576
2015-06-25T00:00:00.0000000,153185,419739,51862
2018-11-27T00:00:00.0000000,700738,280459,21967
2018-12-14T00:00:00.0000000,904981,319949,27004
2017-04-04T00:00:00.0000000,473117,336171,32595
2015-10-09T00:00:00.0000000,307035,402648,59289
2016-01-23T00:00:00.0000000,84680,78133,11031
2015-03-08T00:00:00.0000000,91839,411917,57377
2018-03-14T00:00:00.0000000,701513,336119,27680
2015-01-24T00:00:00.0000000,103768,460505,58631
2017-07-08T00:00:00.0000000,539254,264365,34461
2017-09-06T00:00:00.0000000,563914,318657,28823
2017-03-04T00:00:00.0000000,641681,404061,50142
2015-09-07T00:00:00.0000000,169494,284320,42077
2016-05-05T00:00:00.0000000,387835,424369,50559
2017-03-27T00:00:00.0000000,435914,285968,30193
2017-05-15T00:00:00.0000000,444047,312444,28911
2016-04-09T00:00:00.0000000,408242,456980,68654
2017-08-28T00:00:00.0000000,442540,231141,23113
2016-12-17T00:00:00.0000000,553942,390324,48264
2018-09-16T00:00:00.0000000,757308,257278,21090
2017-07-28T00:00:00.0000000,557143,305718,32425
2018-03-11T00:00:00.0000000,687802,278455,24789
2018-11-15T00:00:00.0000000,688694,232164,18226
2015-10-23T00:00:00.0000000,309659,428675,58747
2018-02-28T00:00:00.0000000,643612,314925,26929
2015-02-16T00:00:00.0000000,99764,412835,46933
2017-07-17T00:00:00.0000000,465520,281214,26202
2015-02-02T00:00:00.0000000,96774,336849,42210
2016-04-06T00:00:00.0000000,340218,400950,46256
2015-04-23T00:00:00.0000000,152166,463486,55777
2018-03-17T00:00:00.0000000,828884,325099,31414
2018-10-09T00:00:00.0000000,659187,281427,21652
2015-04-03T00:00:00.0000000,128635,444077,60434
2017-10-05T00:00:00.0000000,551679,335388,30019
2018-11-04T00:00:00.0000000,730173,254444,19520
2018-04-12T00:00:00.0000000,697786,327104,26948
2015-03-17T00:00:00.0000000,95352,413376,50346
2015-08-27T00:00:00.0000000,176699,368367,44111
2018-07-07T00:00:00.0000000,701543,208048,23401
2016-02-03T00:00:00.0000000,321971,372021,46115
2016-04-03T00:00:00.0000000,331103,392300,56100
2018-02-02T00:00:00.0000000,786819,349367,33953
2018-05-22T00:00:00.0000000,668983,297520,25025
2016-01-03T00:00:00.0000000,231116,302878,44270
2017-06-21T00:00:00.0000000,504212,331000,29309
2015-04-06T00:00:00.0000000,104007,375754,43483
2016-10-15T00:00:00.0000000,464922,381537,51664
2015-12-11T00:00:00.0000000,335868,427829,60113
2015-07-09T00:00:00.0000000,154918,405656,49217
2018-07-27T00:00:00.0000000,811354,281050,24765
2015-05-27T00:00:00.0000000,144681,415919,49071
2015-10-26T00:00:00.0000000,246259,356914,41874
2016-11-04T00:00:00.0000000,459520,378670,45295
2016-11-07T00:00:00.0000000,372146,322666,32507
2015-05-13T00:00:00.0000000,143397,439371,51867
2018-01-07T00:00:00.0000000,676681,237393,21864
2018-09-02T00:00:00.0000000,718121,191190,19579
2017-08-06T00:00:00.0000000,503321,239352,28337
2016-04-12T00:00:00.0000000,330521,390280,44189
2017-10-02T00:00:00.0000000,473408,274707,25174
2018-12-17T00:00:00.0000000,697999,274511,22057
2016-05-25T00:00:00.0000000,344434,385842,44759
2015-12-08T00:00:00.0000000,287326,382226,44300
2015-06-08T00:00:00.0000000,127797,391087,45686
2015-01-10T00:00:00.0000000,103838,515540,64340
2017-06-04T00:00:00.0000000,494282,294236,34486
